Time,Temp1,udef1
2020-3-13 10:53:15,10.18,-2.4142
2020-3-13 11:03:15,10.84,-2.4144
2020-3-13 11:13:16,11.82,-2.4086
2020-3-13 11:23:17,13.06,-2.4054
2020-3-13 11:33:17,15.3,-2.3985
2020-3-13 11:43:18,16.22,-2.3951
2020-3-13 11:53:18,16.17,-2.3941
2020-3-13 12:03:19,15.78,-2.3925
2020-3-13 12:13:19,15.93,-2.3942
2020-3-13 12:23:20,17.31,-2.3892
2020-3-13 12:33:20,18.75,-2.3827
2020-3-13 12:43:21,19.11,-2.38
2020-3-13 12:53:21,19.35,-2.3786
2020-3-13 13:03:22,20.63,-2.3741
2020-3-13 13:13:22,22.58,-2.3675
2020-3-13 13:23:23,24.48,-2.3591
2020-3-13 13:33:23,22.51,-2.3622
2020-3-13 13:43:24,20.95,-2.3678
2020-3-13 13:53:24,20.46,-2.3654
2020-3-13 14:03:25,19.33,-2.3725
2020-3-13 14:13:25,18.99,-2.3719
2020-3-13 14:23:26,18.33,-2.3716
2020-3-13 14:33:26,18.23,-2.3709
2020-3-13 14:43:27,17.8,-2.3725
2020-3-13 14:53:27,17.31,-2.3732
2020-3-13 15:03:28,16.85,-2.3751
2020-3-13 15:13:28,16.43,-2.3781
2020-3-13 15:23:29,16.04,-2.377
2020-3-13 15:33:29,15.71,-2.3808
2020-3-13 15:43:30,15.46,-2.3792
2020-3-13 15:53:30,15.21,-2.3803
2020-3-13 16:03:31,15.06,-2.3805
2020-3-13 16:13:31,14.89,-2.3813
2020-3-13 16:23:32,14.58,-2.3819
2020-3-13 16:33:32,14.23,-2.3832
2020-3-13 16:43:33,14.12,-2.3842
2020-3-13 16:53:33,14.03,-2.3848
2020-3-13 17:03:34,13.77,-2.3851
2020-3-13 17:13:35,13.54,-2.3881
2020-3-13 17:23:35,13.45,-2.3892
2020-3-13 17:33:36,13.31,-2.3893
2020-3-13 17:53:37,12.74,-2.389
2020-3-13 18:03:37,12.38,-2.3904
2020-3-13 18:13:38,12.05,-2.3912
2020-3-13 18:23:38,11.74,-2.3924
2020-3-13 18:33:39,11.45,-2.3936
2020-3-13 18:43:39,11.13,-2.3966
2020-3-13 18:53:40,10.84,-2.3955
2020-3-13 19:03:40,10.49,-2.399
2020-3-13 19:13:41,10.14,-2.3977
2020-3-13 19:23:41,9.8,-2.3981
2020-3-13 19:33:42,9.46,-2.3998
2020-3-13 19:43:42,9.14,-2.4009
2020-3-13 19:53:43,8.84,-2.4044
2020-3-13 20:03:43,8.55,-2.403
2020-3-13 20:13:44,8.26,-2.4037
2020-3-13 20:23:44,8.0,-2.4083
2020-3-13 20:33:45,7.76,-2.4097
2020-3-13 20:43:45,7.54,-2.4074
2020-3-13 20:53:46,7.39,-2.4091
2020-3-13 21:03:46,7.26,-2.41
2020-3-13 21:13:47,7.11,-2.4103
2020-3-13 21:23:47,7.02,-2.4139
2020-3-13 21:33:48,7.0,-2.4142
2020-3-13 21:43:48,6.96,-2.4124
2020-3-13 21:53:49,6.99,-2.4126
2020-3-13 22:03:49,6.94,-2.4128
2020-3-13 22:13:50,6.86,-2.4143
2020-3-13 22:23:51,6.83,-2.414
2020-3-13 22:33:51,6.82,-2.4148
2020-3-13 22:43:52,6.82,-2.4148
2020-3-13 22:53:52,6.83,-2.4145
2020-3-13 23:03:53,6.93,-2.4149
2020-3-13 23:13:58,7.0,-2.4143
2020-3-13 23:23:54,7.09,-2.4148
2020-3-13 23:33:54,7.17,-2.4147
2020-3-13 23:43:55,7.21,-2.4141
2020-3-13 23:53:55,7.25,-2.4144
2020-3-14 0:03:56,7.28,-2.4147
2020-3-14 0:13:56,7.32,-2.4144
2020-3-14 0:23:57,7.36,-2.4145
2020-3-14 0:33:57,7.34,-2.4156
2020-3-14 0:43:58,7.36,-2.4152
2020-3-14 0:53:58,7.39,-2.4154
2020-3-14 1:03:59,7.4,-2.4148
2020-3-14 1:13:59,7.38,-2.4152
2020-3-14 1:24:00,7.3,-2.4151
2020-3-14 1:34:00,7.25,-2.4153
2020-3-14 1:44:01,7.2,-2.4153
2020-3-14 1:54:01,7.15,-2.4186
2020-3-14 2:04:02,7.1,-2.4164
2020-3-14 2:14:02,7.04,-2.4172
2020-3-14 2:24:03,7.01,-2.4173
2020-3-14 2:34:03,7.01,-2.4172
2020-3-14 2:44:04,7.09,-2.418
2020-3-14 2:54:05,7.14,-2.4179
2020-3-14 3:04:05,7.14,-2.4177
2020-3-14 3:14:06,7.16,-2.4199
2020-3-14 3:24:06,7.16,-2.4169
2020-3-14 3:34:07,7.15,-2.4175
2020-3-14 3:44:07,7.15,-2.4178
2020-3-14 3:54:08,7.13,-2.4187
2020-3-14 4:04:08,7.11,-2.418
2020-3-14 4:14:09,7.09,-2.4182
2020-3-14 4:24:09,7.08,-2.4185
2020-3-14 4:34:10,7.05,-2.4191
2020-3-14 4:44:10,7.01,-2.4189
2020-3-14 4:54:11,7.01,-2.4188
2020-3-14 5:04:11,6.99,-2.4196
2020-3-14 5:14:17,6.98,-2.4198
2020-3-14 5:24:12,6.96,-2.4222
2020-3-14 5:34:13,6.95,-2.4199
2020-3-14 5:44:13,6.94,-2.4202
2020-3-14 5:54:14,6.94,-2.4207
2020-3-14 6:04:14,6.93,-2.4232
2020-3-14 6:14:15,6.93,-2.4203
2020-3-14 6:24:15,6.92,-2.4206
2020-3-14 6:34:16,6.91,-2.423
2020-3-14 6:44:16,6.91,-2.4204
2020-3-14 6:54:17,6.91,-2.4204
2020-3-14 7:04:17,6.88,-2.421
2020-3-14 7:14:18,6.83,-2.4211
2020-3-14 7:24:18,6.79,-2.4217
2020-3-14 7:34:19,6.78,-2.4238
2020-3-14 7:44:20,6.73,-2.4223
2020-3-14 7:54:20,6.72,-2.4221
2020-3-14 8:04:21,6.75,-2.4219
2020-3-14 8:14:21,6.81,-2.4226
2020-3-14 8:24:22,6.85,-2.422
2020-3-14 8:34:22,6.83,-2.4231
2020-3-14 8:44:23,6.93,-2.4241
2020-3-14 8:54:23,7.09,-2.4242
2020-3-14 9:04:24,7.31,-2.4237
2020-3-14 9:14:24,7.56,-2.4201
2020-3-14 9:24:25,7.97,-2.4191
2020-3-14 9:34:25,8.21,-2.4185
2020-3-14 9:44:26,8.33,-2.4199
2020-3-14 9:54:26,8.91,-2.4172
2020-3-14 10:04:27,9.32,-2.4157
2020-3-14 10:14:27,9.81,-2.4135
2020-3-14 10:24:28,10.32,-2.4114
2020-3-14 10:34:28,10.6,-2.4106
2020-3-14 10:44:29,10.68,-2.4128
2020-3-14 10:54:29,10.88,-2.4113
2020-3-14 11:04:30,10.59,-2.4098
2020-3-14 11:14:30,11.72,-2.407
2020-3-14 11:24:31,12.35,-2.4041
2020-3-14 11:34:31,12.52,-2.4025
2020-3-14 11:44:32,12.36,-2.4031
2020-3-14 11:54:32,12.11,-2.4036
2020-3-14 12:04:33,11.54,-2.405
2020-3-14 12:14:33,11.07,-2.4085
2020-3-14 12:24:34,10.62,-2.4098
2020-3-14 12:34:35,10.47,-2.4079
2020-3-14 12:44:35,10.75,-2.4075
2020-3-14 12:54:36,10.8,-2.4067
2020-3-14 13:04:36,10.96,-2.4056
2020-3-14 13:14:37,11.22,-2.4075
2020-3-14 13:24:37,11.37,-2.405
2020-3-14 13:34:38,11.45,-2.405
2020-3-14 13:44:38,11.59,-2.4044
2020-3-14 13:54:39,11.77,-2.4042
2020-3-14 14:04:39,11.99,-2.403
2020-3-14 14:14:40,12.25,-2.4019
2020-3-14 14:24:40,12.31,-2.4017
2020-3-14 14:34:41,12.81,-2.4001
2020-3-14 14:44:41,12.46,-2.4005
2020-3-14 14:54:42,12.36,-2.4013
2020-3-14 15:04:42,12.4,-2.4007
2020-3-14 15:14:43,12.4,-2.4005
2020-3-14 15:24:43,12.19,-2.4009
2020-3-14 15:34:44,12.25,-2.4007
2020-3-14 15:44:44,12.21,-2.4006
2020-3-14 15:54:45,12.37,-2.3999
2020-3-14 16:04:45,12.48,-2.4001
2020-3-14 16:14:46,12.63,-2.3991
2020-3-14 16:24:46,12.77,-2.3987
2020-3-14 16:34:47,12.97,-2.3984
2020-3-14 16:44:47,13.04,-2.3977
2020-3-14 16:54:48,12.95,-2.3981
2020-3-14 17:04:48,12.7,-2.3986
2020-3-14 17:14:49,12.5,-2.3987
2020-3-14 17:24:49,12.17,-2.3997
2020-3-14 17:34:50,11.91,-2.4008
2020-3-14 17:44:50,11.73,-2.4033
2020-3-14 17:54:51,11.65,-2.4015
2020-3-14 18:04:52,11.59,-2.4036
2020-3-14 18:14:52,11.59,-2.4041
2020-3-14 18:24:53,11.6,-2.4038
2020-3-14 18:34:53,11.6,-2.4037
2020-3-14 18:44:54,11.55,-2.4015
2020-3-14 18:54:54,11.49,-2.4018
2020-3-14 19:04:55,11.35,-2.4022
2020-3-14 19:14:55,11.16,-2.405
2020-3-14 19:24:56,11.03,-2.4028
2020-3-14 19:34:56,10.9,-2.4032
2020-3-14 19:44:57,10.75,-2.4042
2020-3-14 19:54:57,10.58,-2.4049
2020-3-14 20:04:58,10.49,-2.4051
2020-3-14 20:14:58,10.42,-2.4057
2020-3-14 20:24:59,10.38,-2.4054
2020-3-14 20:34:59,10.28,-2.406
2020-3-14 20:45:00,10.18,-2.4064
2020-3-14 20:55:00,10.07,-2.4067
2020-3-14 21:05:01,10.01,-2.4064
2020-3-14 21:15:01,9.88,-2.4073
2020-3-14 21:25:02,9.71,-2.4081
2020-3-14 21:25:08,9.71,-2.4081
2020-3-14 21:35:02,9.53,-2.409
2020-3-14 21:45:03,9.34,-2.4094
2020-3-14 21:55:03,9.1,-2.4102
2020-3-14 22:05:04,8.87,-2.4111
2020-3-14 22:15:08,8.66,-2.4117
2020-3-14 22:25:05,8.45,-2.4153
2020-3-14 22:35:05,8.26,-2.4135
2020-3-14 22:45:06,8.11,-2.4166
2020-3-14 22:55:06,8.1,-2.4172
2020-3-14 23:05:07,8.14,-2.4173
2020-3-14 23:15:08,8.16,-2.4147
2020-3-14 23:25:08,8.01,-2.4155
2020-3-14 23:35:09,7.87,-2.4163
2020-3-14 23:45:09,7.72,-2.4167
2020-3-14 23:55:10,7.58,-2.4169
2020-3-15 0:05:10,7.43,-2.4173
2020-3-15 0:15:11,7.28,-2.4184
2020-3-15 0:25:11,7.15,-2.4191
2020-3-15 0:35:12,7.01,-2.4197
2020-3-15 0:45:12,6.91,-2.4199
2020-3-15 0:55:13,6.81,-2.4211
2020-3-15 1:05:13,6.71,-2.4209
2020-3-15 1:15:14,6.65,-2.4241
2020-3-15 1:25:19,6.58,-2.4226
2020-3-15 1:35:15,6.51,-2.4222
2020-3-15 1:45:15,6.43,-2.4249
2020-3-15 1:55:16,6.34,-2.426
2020-3-15 2:05:16,6.29,-2.426
2020-3-15 2:15:17,6.22,-2.4265
2020-3-15 2:25:17,6.14,-2.427
2020-3-15 2:35:18,6.18,-2.4244
2020-3-15 2:45:18,6.28,-2.427
2020-3-15 2:55:19,6.4,-2.4248
2020-3-15 3:05:19,6.55,-2.4241
2020-3-15 3:15:20,6.67,-2.4245
2020-3-15 3:25:20,6.88,-2.4232
2020-3-15 3:35:21,7.07,-2.423
2020-3-15 3:45:21,7.26,-2.4223
2020-3-15 3:55:22,7.41,-2.4217
2020-3-15 4:05:23,7.52,-2.4215
2020-3-15 4:15:23,7.62,-2.4214
2020-3-15 4:25:24,7.73,-2.4203
2020-3-15 4:35:24,7.83,-2.4202
2020-3-15 4:45:25,7.9,-2.42
2020-3-15 4:55:25,7.96,-2.4194
2020-3-15 5:05:26,8.02,-2.4201
2020-3-15 5:15:26,8.08,-2.4219
2020-3-15 5:25:27,8.13,-2.4197
2020-3-15 5:35:27,8.17,-2.4192
2020-3-15 5:45:28,8.23,-2.4192
2020-3-15 5:55:28,8.26,-2.4186
2020-3-15 6:05:29,8.3,-2.4184
2020-3-15 6:15:29,8.32,-2.4188
2020-3-15 6:25:30,8.34,-2.4184
2020-3-15 6:35:30,8.36,-2.4205
2020-3-15 6:45:31,8.39,-2.4181
2020-3-15 6:55:31,8.43,-2.4179
2020-3-15 7:05:32,8.51,-2.4183
2020-3-15 7:15:32,8.61,-2.4173
2020-3-15 7:25:33,8.71,-2.4175
2020-3-15 7:35:33,8.81,-2.4197
2020-3-15 7:45:34,8.89,-2.4192
2020-3-15 7:55:34,8.98,-2.4193
2020-3-15 8:05:35,9.08,-2.4181
2020-3-15 8:15:35,9.18,-2.4158
2020-3-15 8:25:36,9.21,-2.4184
2020-3-15 8:35:37,9.3,-2.4156
2020-3-15 8:45:37,9.4,-2.4152
2020-3-15 8:55:38,9.5,-2.4141
2020-3-15 9:05:38,9.54,-2.4149
2020-3-15 9:15:39,9.51,-2.4149
2020-3-15 9:25:39,9.55,-2.4138
2020-3-15 9:35:40,9.79,-2.4135
2020-3-15 9:45:40,9.94,-2.4135
2020-3-15 9:55:41,10.09,-2.4122
2020-3-15 10:05:41,10.44,-2.4112
2020-3-15 10:15:42,10.81,-2.4132
2020-3-15 10:25:42,11.31,-2.4087
2020-3-15 10:35:43,11.72,-2.4096
2020-3-15 10:45:43,11.87,-2.4058
2020-3-15 10:55:44,12.24,-2.405
2020-3-15 11:05:44,13.55,-2.4009
2020-3-15 11:15:45,15.62,-2.3963
2020-3-15 11:25:45,18.08,-2.3888
2020-3-15 11:35:46,19.64,-2.3848
2020-3-15 11:45:46,20.66,-2.379
2020-3-15 11:55:47,22.47,-2.3715
2020-3-15 12:05:47,23.37,-2.3657
2020-3-15 12:15:48,23.14,-2.3639
2020-3-15 12:25:48,23.27,-2.3614
2020-3-15 12:35:49,23.18,-2.3606
2020-3-15 12:45:49,23.0,-2.3604
2020-3-15 12:55:50,23.06,-2.3599
2020-3-15 13:05:50,24.28,-2.3565
2020-3-15 13:15:51,25.58,-2.3545
2020-3-15 13:25:51,25.55,-2.3507
2020-3-15 13:35:52,26.21,-2.3471
2020-3-15 13:45:52,27.93,-2.3401
2020-3-15 13:55:53,27.94,-2.3387
2020-3-15 14:05:53,27.06,-2.3362
2020-3-15 14:15:54,24.87,-2.3419
2020-3-15 14:25:55,23.33,-2.3445
2020-3-15 14:35:55,22.14,-2.3502
2020-3-15 14:45:56,21.15,-2.3515
2020-3-15 14:55:56,20.28,-2.3536
2020-3-15 15:05:57,19.42,-2.3564
2020-3-15 15:15:57,18.77,-2.3584
2020-3-15 15:25:58,18.24,-2.3598
2020-3-15 15:35:58,17.93,-2.3607
2020-3-15 15:45:59,17.63,-2.3626
2020-3-15 15:55:59,17.42,-2.3633
2020-3-15 16:06:00,17.24,-2.3636
2020-3-15 16:16:00,17.15,-2.3643
2020-3-15 16:26:01,17.05,-2.3649
2020-3-15 16:36:01,16.98,-2.3675
2020-3-15 16:46:02,16.87,-2.3679
2020-3-15 16:56:02,16.75,-2.3663
2020-3-15 17:06:03,16.64,-2.3663
2020-3-15 17:16:03,16.53,-2.3667
2020-3-15 17:26:04,16.44,-2.3696
2020-3-15 17:36:04,16.32,-2.3674
2020-3-15 17:46:05,16.21,-2.3685
2020-3-15 17:56:05,16.08,-2.3704
2020-3-15 18:06:06,15.94,-2.3688
2020-3-15 18:16:06,15.78,-2.3693
2020-3-15 18:26:07,15.61,-2.3692
2020-3-15 18:36:07,15.34,-2.3709
2020-3-15 18:46:08,15.02,-2.3717
2020-3-15 18:56:08,14.61,-2.373
2020-3-15 19:06:09,14.18,-2.3764
2020-3-15 19:16:09,13.74,-2.3758
2020-3-15 19:26:10,13.33,-2.3775
2020-3-15 19:36:10,12.94,-2.3788
2020-3-15 19:46:11,12.57,-2.3806
2020-3-15 19:56:11,12.24,-2.3821
2020-3-15 20:06:12,11.89,-2.3838
2020-3-15 20:16:13,11.56,-2.3854
2020-3-15 20:26:13,11.25,-2.386
2020-3-15 20:36:14,10.94,-2.3874
2020-3-15 20:46:14,10.65,-2.389
2020-3-15 20:56:15,10.37,-2.3904
2020-3-15 21:06:15,10.11,-2.3913
2020-3-15 21:16:16,9.88,-2.393
2020-3-15 21:26:16,9.64,-2.3936
2020-3-15 21:36:17,9.42,-2.3946
2020-3-15 21:46:17,9.21,-2.3974
2020-3-15 21:56:18,8.99,-2.3967
2020-3-15 22:06:18,8.79,-2.399
2020-3-15 22:16:19,8.59,-2.3983
2020-3-15 22:26:19,8.42,-2.3992
2020-3-15 22:36:20,8.25,-2.3998
2020-3-15 22:46:20,8.09,-2.4006
2020-3-15 22:56:21,7.95,-2.4017
2020-3-15 23:06:21,7.84,-2.4042
2020-3-15 23:16:22,7.71,-2.4034
2020-3-15 23:26:22,7.57,-2.4041
2020-3-15 23:36:27,7.44,-2.4052
2020-3-15 23:46:23,7.33,-2.4072
2020-3-15 23:56:24,7.25,-2.4056
2020-3-16 0:06:24,7.14,-2.4092
2020-3-16 0:16:25,7.04,-2.4074
2020-3-16 0:26:25,6.92,-2.4076
2020-3-16 0:36:26,6.81,-2.4083
2020-3-16 0:46:26,6.72,-2.409
2020-3-16 0:56:27,6.66,-2.4122
2020-3-16 1:06:28,6.6,-2.4124
2020-3-16 1:16:28,6.52,-2.411
2020-3-16 1:26:29,6.43,-2.4114
2020-3-16 1:36:29,6.34,-2.4123
2020-3-16 1:46:30,6.25,-2.4123
2020-3-16 1:56:30,6.17,-2.4125
2020-3-16 2:06:31,6.1,-2.4159
2020-3-16 2:16:31,6.02,-2.4143
2020-3-16 2:26:32,5.93,-2.4145
2020-3-16 2:36:32,5.83,-2.416
2020-3-16 2:46:33,5.77,-2.416
2020-3-16 2:56:33,5.71,-2.4164
2020-3-16 3:06:34,5.7,-2.4168
2020-3-16 3:16:34,5.7,-2.4171
2020-3-16 3:26:35,5.69,-2.4174
2020-3-16 3:36:35,5.69,-2.4197
2020-3-16 3:46:36,5.75,-2.418
2020-3-16 3:56:36,5.74,-2.4179
2020-3-16 4:06:37,5.74,-2.4179
2020-3-16 4:16:37,5.78,-2.4184
2020-3-16 4:26:38,5.85,-2.4185
2020-3-16 4:36:38,5.93,-2.4182
2020-3-16 4:46:39,6.03,-2.4178
2020-3-16 4:56:39,6.16,-2.4179
2020-3-16 5:06:40,6.31,-2.4175
2020-3-16 5:16:40,6.51,-2.4171
2020-3-16 5:26:41,6.64,-2.4192
2020-3-16 5:36:41,6.81,-2.4163
2020-3-16 5:46:42,6.96,-2.4166
2020-3-16 5:56:43,7.12,-2.4181
2020-3-16 6:06:43,7.26,-2.4178
2020-3-16 6:16:44,7.35,-2.4151
2020-3-16 6:26:44,7.44,-2.4148
2020-3-16 6:36:45,7.51,-2.4149
2020-3-16 6:46:45,7.55,-2.4168
2020-3-16 6:56:46,7.57,-2.4138
2020-3-16 7:06:46,7.58,-2.4141
2020-3-16 7:16:47,7.62,-2.4137
2020-3-16 7:26:47,7.64,-2.4139
2020-3-16 7:36:48,7.68,-2.4137
2020-3-16 7:46:48,7.75,-2.4139
2020-3-16 7:56:49,7.86,-2.4142
2020-3-16 8:06:49,7.98,-2.4138
2020-3-16 8:16:50,8.09,-2.4134
2020-3-16 8:26:50,8.21,-2.4132
2020-3-16 8:36:51,8.36,-2.4127
2020-3-16 8:46:56,8.58,-2.4116
2020-3-16 8:56:52,8.83,-2.4112
2020-3-16 9:06:52,9.03,-2.413
2020-3-16 9:16:53,9.33,-2.4098
2020-3-16 9:26:53,9.75,-2.4082
2020-3-16 9:36:54,10.08,-2.4078
2020-3-16 9:46:54,10.39,-2.4062
2020-3-16 9:56:55,10.63,-2.4045
2020-3-16 10:06:55,10.87,-2.4042
2020-3-16 10:16:56,11.01,-2.4034
2020-3-16 10:26:56,11.06,-2.4028
2020-3-16 10:36:57,11.09,-2.4023
2020-3-16 10:46:58,11.08,-2.4023
2020-3-16 10:56:58,11.09,-2.4026
2020-3-16 11:06:59,11.07,-2.4026
2020-3-16 11:16:59,10.99,-2.4023
2020-3-16 11:27:00,10.94,-2.4033
2020-3-16 11:37:00,10.94,-2.4025
2020-3-16 11:47:01,10.96,-2.4024
2020-3-16 11:57:01,11.0,-2.4024
2020-3-16 12:07:02,11.11,-2.402
2020-3-16 12:17:02,11.28,-2.4018
2020-3-16 12:27:03,11.5,-2.4039
2020-3-16 12:37:03,11.84,-2.4004
2020-3-16 12:47:04,12.35,-2.3989
2020-3-16 12:57:04,12.78,-2.3979
2020-3-16 13:07:05,13.02,-2.3967
2020-3-16 13:17:05,13.13,-2.396
2020-3-16 13:27:06,13.24,-2.3959
2020-3-16 13:37:06,13.64,-2.3946
2020-3-16 13:47:07,13.92,-2.3934
2020-3-16 13:57:07,14.19,-2.3948
2020-3-16 14:07:08,14.3,-2.3919
2020-3-16 14:17:08,14.38,-2.3933
2020-3-16 14:27:09,14.37,-2.3937
2020-3-16 14:37:09,14.33,-2.3934
2020-3-16 14:47:10,14.21,-2.3915
2020-3-16 14:57:10,14.08,-2.3933
2020-3-16 15:07:11,13.91,-2.3911
2020-3-16 15:17:11,13.82,-2.3913
2020-3-16 15:27:12,13.7,-2.392
2020-3-16 15:37:12,13.54,-2.3919
2020-3-16 15:47:13,13.36,-2.3922
2020-3-16 15:47:17,13.36,-2.3922
2020-3-16 15:57:13,13.21,-2.393
2020-3-16 16:07:14,13.11,-2.3934
2020-3-16 16:17:15,13.02,-2.3932
2020-3-16 16:27:15,12.99,-2.3937
2020-3-16 16:37:16,12.97,-2.3939
2020-3-16 16:47:16,12.93,-2.3939
2020-3-16 16:57:17,12.86,-2.3941
2020-3-16 17:07:17,12.82,-2.3943
2020-3-16 17:17:18,12.7,-2.3968
2020-3-16 17:27:18,12.64,-2.3949
2020-3-16 17:37:19,12.61,-2.3954
2020-3-16 17:47:19,12.53,-2.3957
2020-3-16 17:57:20,12.46,-2.3976
2020-3-16 18:07:20,12.35,-2.3959
2020-3-16 18:17:21,12.25,-2.3965
2020-3-16 18:27:21,12.14,-2.3983
2020-3-16 18:37:22,12.05,-2.3986
2020-3-16 18:47:22,11.94,-2.3972
2020-3-16 18:57:23,11.85,-2.3971
2020-3-16 19:07:23,11.77,-2.3974
2020-3-16 19:17:24,11.67,-2.3998
2020-3-16 19:27:24,11.6,-2.398
2020-3-16 19:37:25,11.52,-2.3983
2020-3-16 19:47:25,11.46,-2.3987
2020-3-16 19:57:26,11.4,-2.3985
2020-3-16 20:07:26,11.34,-2.4008
2020-3-16 20:17:27,11.29,-2.3984
2020-3-16 20:27:27,11.24,-2.3994
2020-3-16 20:37:28,11.19,-2.3994
2020-3-16 20:47:28,11.15,-2.4014
2020-3-16 20:57:29,11.1,-2.4016
2020-3-16 21:07:29,11.06,-2.3997
2020-3-16 21:17:30,11.02,-2.4001
2020-3-16 21:27:30,10.98,-2.4004
2020-3-16 21:37:31,10.91,-2.4007
2020-3-16 21:47:32,10.84,-2.4008
2020-3-16 21:57:32,10.78,-2.4008
2020-3-16 22:07:33,10.73,-2.4016
2020-3-16 22:17:33,10.68,-2.4015
2020-3-16 22:27:34,10.63,-2.4017
2020-3-16 22:37:34,10.6,-2.4019
2020-3-16 22:47:35,10.57,-2.4048
2020-3-16 22:57:35,10.57,-2.4022
2020-3-16 23:07:36,10.56,-2.4026
2020-3-16 23:17:36,10.55,-2.4024
2020-3-16 23:27:37,10.54,-2.4029
2020-3-16 23:37:37,10.53,-2.4031
2020-3-16 23:47:38,10.54,-2.4025
2020-3-16 23:57:38,10.53,-2.4026
2020-3-17 0:07:39,10.54,-2.4033
2020-3-17 0:17:39,10.53,-2.4036
2020-3-17 0:27:40,10.52,-2.4034
2020-3-17 0:37:40,10.52,-2.4027
2020-3-17 0:47:41,10.5,-2.4033
2020-3-17 0:57:41,10.5,-2.4039
2020-3-17 1:07:42,10.48,-2.4033
2020-3-17 1:17:42,10.47,-2.4037
2020-3-17 1:27:43,10.44,-2.4036
2020-3-17 1:37:43,10.43,-2.404
2020-3-17 1:47:44,10.41,-2.4038
2020-3-17 1:57:44,10.39,-2.4043
2020-3-17 2:07:45,10.37,-2.4037
2020-3-17 2:17:45,10.35,-2.4041
2020-3-17 2:27:46,10.32,-2.4044
2020-3-17 2:37:46,10.31,-2.4041
2020-3-17 2:47:47,10.28,-2.4047
2020-3-17 2:57:48,10.25,-2.4044
2020-3-17 3:07:48,10.22,-2.4048
2020-3-17 3:17:49,10.18,-2.4049
2020-3-17 3:27:49,10.14,-2.4056
2020-3-17 3:37:50,10.12,-2.405
2020-3-17 3:47:50,10.08,-2.4057
2020-3-17 3:57:51,10.03,-2.4054
2020-3-17 4:07:51,9.99,-2.4061
2020-3-17 4:17:52,9.92,-2.4065
2020-3-17 4:27:52,9.86,-2.4059
2020-3-17 4:37:53,9.82,-2.4066
2020-3-17 4:47:53,9.79,-2.407
2020-3-17 4:57:54,9.77,-2.407
2020-3-17 5:07:54,9.77,-2.4069
2020-3-17 5:17:55,9.77,-2.4066
2020-3-17 5:27:55,9.76,-2.4077
2020-3-17 5:37:56,9.77,-2.4069
2020-3-17 5:47:56,9.77,-2.4095
2020-3-17 5:57:57,9.77,-2.4071
2020-3-17 6:07:57,9.76,-2.4072
2020-3-17 6:17:58,9.76,-2.4073
2020-3-17 6:27:58,9.74,-2.4079
2020-3-17 6:37:59,9.72,-2.4071
2020-3-17 6:47:59,9.72,-2.41
2020-3-17 6:58:00,9.71,-2.4076
2020-3-17 7:08:00,9.72,-2.4079
2020-3-17 7:18:01,9.73,-2.4073
2020-3-17 7:28:01,9.77,-2.4101
2020-3-17 7:38:02,9.84,-2.4078
2020-3-17 7:48:02,9.91,-2.4072
2020-3-17 7:58:03,9.98,-2.4072
2020-3-17 8:08:04,10.03,-2.4063
2020-3-17 8:18:04,10.08,-2.4069
2020-3-17 8:28:05,10.22,-2.4065
2020-3-17 8:38:05,10.45,-2.4063
2020-3-17 8:48:06,10.7,-2.4051
2020-3-17 8:58:06,11.0,-2.4044
2020-3-17 9:08:07,11.3,-2.406
2020-3-17 9:18:07,11.61,-2.4024
2020-3-17 9:28:08,11.95,-2.4039
2020-3-17 9:38:13,12.33,-2.4006
2020-3-17 9:48:09,12.7,-2.4011
2020-3-17 9:58:09,12.95,-2.3987
2020-3-17 10:08:10,13.07,-2.3972
2020-3-17 10:18:10,13.19,-2.3965
2020-3-17 10:28:11,13.25,-2.3958
2020-3-17 10:38:11,13.36,-2.3959
2020-3-17 10:48:12,13.65,-2.3952
2020-3-17 10:58:12,14.01,-2.394
2020-3-17 11:08:13,14.45,-2.3925
2020-3-17 11:18:13,14.97,-2.391
2020-3-17 11:28:14,15.62,-2.389
2020-3-17 11:38:14,16.05,-2.3868
2020-3-17 11:48:15,16.24,-2.3854
2020-3-17 11:58:15,16.64,-2.3843
2020-3-17 12:08:16,16.71,-2.3835
2020-3-17 12:18:16,16.7,-2.3825
2020-3-17 12:28:17,16.83,-2.3821
2020-3-17 12:38:17,17.16,-2.3809
2020-3-17 12:48:18,17.45,-2.3796
2020-3-17 12:58:18,17.61,-2.3786
2020-3-17 13:08:19,17.59,-2.3788
2020-3-17 13:18:19,17.66,-2.378
2020-3-17 13:28:20,17.65,-2.3794
2020-3-17 13:38:21,17.71,-2.3789
2020-3-17 13:48:21,18.0,-2.3753
2020-3-17 13:58:22,18.64,-2.3738
2020-3-17 14:08:22,18.89,-2.3721
2020-3-17 14:18:23,18.89,-2.3712
2020-3-17 14:28:23,19.24,-2.37
2020-3-17 14:38:24,19.28,-2.369
2020-3-17 14:48:24,19.03,-2.369
2020-3-17 14:58:25,19.06,-2.3685
2020-3-17 15:08:25,19.07,-2.3705
2020-3-17 15:18:26,18.64,-2.3689
2020-3-17 15:28:26,18.25,-2.3695
2020-3-17 15:38:27,18.07,-2.3701
2020-3-17 15:48:27,17.88,-2.3712
2020-3-17 15:58:28,17.73,-2.3718
2020-3-17 16:08:28,17.5,-2.3746
2020-3-17 16:18:29,17.35,-2.3748
2020-3-17 16:28:29,17.13,-2.3751
2020-3-17 16:38:30,16.83,-2.3741
2020-3-17 16:48:30,16.64,-2.3765
2020-3-17 16:58:31,16.43,-2.3748
2020-3-17 17:08:31,16.3,-2.3752
2020-3-17 17:18:32,16.19,-2.3755
2020-3-17 17:28:32,16.12,-2.3754
2020-3-17 17:38:33,16.04,-2.3764
2020-3-17 17:48:33,15.93,-2.3766
2020-3-17 17:58:34,15.8,-2.377
2020-3-17 18:08:34,15.7,-2.3776
2020-3-17 18:18:35,15.62,-2.38
2020-3-17 18:28:35,15.47,-2.3777
2020-3-17 18:38:36,15.22,-2.3787
2020-3-17 18:48:36,15.05,-2.3796
2020-3-17 18:58:37,14.93,-2.3801
2020-3-17 19:08:38,14.78,-2.3804
2020-3-17 19:18:38,14.59,-2.3809
2020-3-17 19:28:39,14.42,-2.3841
2020-3-17 19:38:39,14.16,-2.3847
2020-3-17 19:48:40,13.84,-2.3861
2020-3-17 19:58:40,13.51,-2.3843
2020-3-17 20:08:41,13.19,-2.3855
2020-3-17 20:18:41,12.88,-2.3866
2020-3-17 20:28:42,12.58,-2.3883
2020-3-17 20:38:42,12.28,-2.389
2020-3-17 20:48:43,12.0,-2.3904
2020-3-17 20:58:43,11.73,-2.3913
2020-3-17 21:08:44,11.48,-2.393
2020-3-17 21:18:44,11.24,-2.3958
2020-3-17 21:28:45,11.01,-2.3945
2020-3-17 21:38:45,10.82,-2.395
2020-3-17 21:48:46,10.64,-2.3962
2020-3-17 21:58:46,10.45,-2.3962
2020-3-17 22:08:47,10.29,-2.3972
2020-3-17 22:18:47,10.21,-2.3976
2020-3-17 22:28:48,10.2,-2.3981
2020-3-17 22:38:48,10.21,-2.3983
2020-3-17 22:48:49,10.24,-2.3986
2020-3-17 22:58:49,10.27,-2.3988
2020-3-17 23:08:50,10.33,-2.3986
2020-3-17 23:18:50,10.38,-2.3992
2020-3-17 23:28:51,10.41,-2.3981
2020-3-17 23:38:51,10.41,-2.3985
2020-3-17 23:48:52,10.43,-2.3986
2020-3-17 23:58:52,10.45,-2.3992
2020-3-18 0:08:53,10.45,-2.3988
2020-3-18 0:18:54,10.46,-2.3989
2020-3-18 0:28:54,10.46,-2.3993
2020-3-18 0:38:55,10.44,-2.399
2020-3-18 0:48:55,10.43,-2.4014
2020-3-18 0:58:56,10.43,-2.3993
2020-3-18 1:08:56,10.45,-2.3994
2020-3-18 1:18:57,10.45,-2.3992
2020-3-18 1:28:57,10.45,-2.3994
2020-3-18 1:38:58,10.48,-2.3996
2020-3-18 1:48:58,10.48,-2.3993
2020-3-18 1:58:59,10.51,-2.4001
2020-3-18 2:08:59,10.52,-2.3997
2020-3-18 2:19:00,10.53,-2.4
2020-3-18 2:29:00,10.54,-2.3995
2020-3-18 2:39:01,10.54,-2.4006
2020-3-18 2:49:01,10.54,-2.3999
2020-3-18 2:59:02,10.55,-2.3995
2020-3-18 3:09:02,10.55,-2.4003
2020-3-18 3:19:03,10.56,-2.4004
2020-3-18 3:29:03,10.56,-2.3998
2020-3-18 3:39:04,10.55,-2.4005
2020-3-18 3:49:04,10.55,-2.4005
2020-3-18 3:59:05,10.55,-2.4006
2020-3-18 4:09:05,10.54,-2.401
2020-3-18 4:19:06,10.54,-2.4009
2020-3-18 4:29:06,10.57,-2.4039
2020-3-18 4:39:07,10.58,-2.4009
2020-3-18 4:49:07,10.6,-2.4005
2020-3-18 4:59:08,10.6,-2.4006
2020-3-18 5:09:08,10.6,-2.4007
2020-3-18 5:19:09,10.59,-2.4008
2020-3-18 5:29:09,10.58,-2.4007
2020-3-18 5:39:10,10.61,-2.4013
2020-3-18 5:49:11,10.62,-2.4012
2020-3-18 5:59:11,10.63,-2.4036
2020-3-18 6:09:12,10.62,-2.4012
2020-3-18 6:19:12,10.61,-2.4012
2020-3-18 6:29:13,10.6,-2.4014
2020-3-18 6:39:13,10.58,-2.401
2020-3-18 6:49:14,10.57,-2.4018
2020-3-18 6:59:14,10.55,-2.4015
2020-3-18 7:09:15,10.54,-2.4013
2020-3-18 7:19:15,10.53,-2.4013
2020-3-18 7:29:16,10.55,-2.4014
2020-3-18 7:39:16,10.57,-2.4025
2020-3-18 7:49:17,10.63,-2.4022
2020-3-18 7:59:17,10.73,-2.4017
2020-3-18 8:09:18,10.86,-2.4041
2020-3-18 8:19:18,10.99,-2.4011
2020-3-18 8:29:19,11.14,-2.4032
2020-3-18 8:39:19,11.32,-2.4003
2020-3-18 8:49:20,11.52,-2.4002
2020-3-18 8:59:20,11.7,-2.3994
2020-3-18 9:09:21,11.89,-2.3986
2020-3-18 9:19:21,12.1,-2.3977
2020-3-18 9:29:22,12.31,-2.3974
2020-3-18 9:39:22,12.52,-2.3965
2020-3-18 9:49:23,12.73,-2.3966
2020-3-18 9:59:23,12.95,-2.3958
2020-3-18 10:09:24,13.19,-2.3948
2020-3-18 10:19:24,13.42,-2.3939
2020-3-18 10:29:25,13.73,-2.3923
2020-3-18 10:49:26,14.38,-2.3931
2020-3-18 10:59:27,14.78,-2.3893
2020-3-18 11:09:27,15.16,-2.3874
2020-3-18 11:19:28,15.68,-2.3857
2020-3-18 11:29:28,16.25,-2.3831
2020-3-18 11:39:29,16.87,-2.3809
2020-3-18 11:49:29,17.43,-2.3794
2020-3-18 11:59:30,17.9,-2.3775
2020-3-18 12:09:30,18.41,-2.3775
2020-3-18 12:19:31,19.3,-2.3725
2020-3-18 12:29:31,20.09,-2.3688
2020-3-18 12:39:32,20.39,-2.367
2020-3-18 12:49:32,21.01,-2.3646
2020-3-18 12:59:33,22.18,-2.3621
2020-3-18 13:09:33,23.62,-2.3561
2020-3-18 13:19:34,25.31,-2.3497
2020-3-18 13:29:34,27.22,-2.34
2020-3-18 13:39:35,26.94,-2.3443
2020-3-18 13:49:35,28.14,-2.3358
2020-3-18 13:59:36,27.22,-2.3381
2020-3-18 14:09:36,26.9,-2.338
2020-3-18 14:19:37,26.34,-2.3389
2020-3-18 14:29:37,25.81,-2.3363
2020-3-18 14:39:38,25.16,-2.338
2020-3-18 14:49:38,24.45,-2.3413
2020-3-18 14:59:39,23.99,-2.3426
2020-3-18 15:09:39,23.57,-2.3438
2020-3-18 15:19:40,23.05,-2.3428
2020-3-18 15:29:40,22.25,-2.3448
2020-3-18 15:39:41,21.89,-2.3461
2020-3-18 15:49:41,21.66,-2.347
2020-3-18 15:59:42,21.14,-2.3484
2020-3-18 16:09:42,20.72,-2.3495
2020-3-18 16:19:43,20.31,-2.3504
2020-3-18 16:29:43,20.06,-2.3519
2020-3-18 16:39:44,19.8,-2.3522
2020-3-18 16:49:45,19.67,-2.3562
2020-3-18 16:59:45,19.51,-2.3538
2020-3-18 17:09:46,19.14,-2.355
2020-3-18 17:19:46,18.89,-2.3576
2020-3-18 17:29:47,18.61,-2.3568
2020-3-18 17:39:47,18.33,-2.3573
2020-3-18 17:49:48,18.13,-2.3584
2020-3-18 17:59:48,17.86,-2.3586
2020-3-18 18:09:49,17.58,-2.3591
2020-3-18 18:19:49,17.28,-2.3602
2020-3-18 18:29:50,16.96,-2.3614
2020-3-18 18:39:50,16.61,-2.3639
2020-3-18 18:49:51,16.25,-2.3633
2020-3-18 18:59:51,15.85,-2.3645
2020-3-18 19:09:52,15.42,-2.3659
2020-3-18 19:19:52,15.01,-2.3675
2020-3-18 19:29:53,14.61,-2.3696
2020-3-18 19:39:53,14.23,-2.3731
2020-3-18 19:49:54,13.88,-2.373
2020-3-18 19:59:54,13.53,-2.376
2020-3-18 20:09:55,13.2,-2.3778
2020-3-18 20:19:55,12.9,-2.3767
2020-3-18 20:29:56,12.61,-2.3781
2020-3-18 20:39:56,12.33,-2.3797
2020-3-18 20:49:57,12.1,-2.3801
2020-3-18 20:59:57,11.88,-2.3817
2020-3-18 21:09:58,11.64,-2.3828
2020-3-18 21:19:58,11.41,-2.3844
2020-3-18 21:29:59,11.2,-2.3876
2020-3-18 21:39:59,10.98,-2.386
2020-3-18 21:50:00,10.8,-2.3872
2020-3-18 22:00:00,10.6,-2.3879
2020-3-18 22:10:01,10.42,-2.3918
2020-3-18 22:20:02,10.25,-2.3898
2020-3-18 22:30:02,10.09,-2.3911
2020-3-18 22:40:03,9.93,-2.3918
2020-3-18 22:50:03,9.78,-2.3926
2020-3-18 23:00:04,9.65,-2.3943
2020-3-18 23:10:04,9.51,-2.3942
2020-3-18 23:20:05,9.37,-2.3975
2020-3-18 23:30:05,9.25,-2.3958
2020-3-18 23:30:09,9.25,-2.3958
2020-3-18 23:40:06,9.48,-2.4024
2020-3-18 23:50:06,9.0,-2.3973
2020-3-19 0:00:07,8.88,-2.3974
2020-3-19 0:10:07,8.77,-2.3982
2020-3-19 0:20:08,8.66,-2.4006
2020-3-19 0:30:08,8.54,-2.3997
2020-3-19 0:40:09,8.45,-2.402
2020-3-19 0:50:09,8.34,-2.4005
2020-3-19 1:00:10,8.25,-2.4026
2020-3-19 1:10:10,8.18,-2.4031
2020-3-19 1:20:11,8.11,-2.4038
2020-3-19 1:30:11,8.02,-2.4024
2020-3-19 1:40:12,7.94,-2.4026
2020-3-19 1:50:12,7.88,-2.4033
2020-3-19 2:00:13,7.83,-2.4035
2020-3-19 2:10:13,7.78,-2.4067
2020-3-19 2:20:14,7.69,-2.4045
2020-3-19 2:30:14,7.61,-2.4058
2020-3-19 2:40:15,7.51,-2.4086
2020-3-19 2:50:15,7.41,-2.4092
2020-3-19 3:00:16,7.31,-2.4075
2020-3-19 3:10:17,7.25,-2.4081
2020-3-19 3:20:17,7.2,-2.4086
2020-3-19 3:30:18,7.19,-2.4081
2020-3-19 3:40:18,7.14,-2.4091
2020-3-19 3:50:19,7.09,-2.4093
2020-3-19 4:00:19,7.01,-2.4099
2020-3-19 4:10:20,6.92,-2.4128
2020-3-19 4:20:20,6.85,-2.4112
2020-3-19 4:30:21,6.77,-2.4116
2020-3-19 4:40:21,6.69,-2.4127
2020-3-19 4:50:22,6.61,-2.4118
2020-3-19 5:00:22,6.51,-2.4135
2020-3-19 5:10:23,6.43,-2.4141
2020-3-19 5:20:23,6.34,-2.4164
2020-3-19 5:30:24,6.26,-2.4167
2020-3-19 5:40:24,6.17,-2.4179
2020-3-19 5:50:25,6.1,-2.4179
2020-3-19 6:00:25,6.02,-2.4185
2020-3-19 6:10:26,5.95,-2.4192
2020-3-19 6:20:26,5.87,-2.42
2020-3-19 6:30:27,5.8,-2.4179
2020-3-19 6:40:27,5.73,-2.4183
2020-3-19 6:50:28,5.66,-2.4188
2020-3-19 7:00:28,5.6,-2.4192
2020-3-19 7:10:34,5.56,-2.4194
2020-3-19 7:20:29,5.54,-2.4194
2020-3-19 7:30:30,5.53,-2.4206
2020-3-19 7:40:30,5.58,-2.4206
2020-3-19 7:50:31,5.64,-2.4232
2020-3-19 8:00:35,5.74,-2.4204
2020-3-19 8:10:32,5.87,-2.4226
2020-3-19 8:20:33,6.02,-2.4227
2020-3-19 8:30:33,6.24,-2.42
2020-3-19 8:40:34,6.51,-2.4184
2020-3-19 8:50:34,6.79,-2.4178
2020-3-19 9:00:35,7.12,-2.4166
2020-3-19 9:10:35,7.54,-2.416
2020-3-19 9:20:36,8.06,-2.4146
2020-3-19 9:30:37,8.58,-2.4148
2020-3-19 9:40:37,9.25,-2.41
2020-3-19 9:50:38,9.77,-2.4082
2020-3-19 10:00:38,10.48,-2.4061
2020-3-19 10:10:38,11.51,-2.4034
2020-3-19 10:20:39,12.32,-2.3996
2020-3-19 10:30:39,13.14,-2.3978
2020-3-19 10:40:40,14.0,-2.3951
2020-3-19 10:50:40,14.98,-2.3919
2020-3-19 11:00:41,16.02,-2.3885
2020-3-19 11:10:41,18.45,-2.3809
2020-3-19 11:20:42,21.33,-2.3728
2020-3-19 11:30:42,23.8,-2.3617
2020-3-19 11:40:43,25.74,-2.3546
2020-3-19 11:50:43,27.93,-2.3455
2020-3-19 12:00:44,29.46,-2.3385
2020-3-19 12:10:44,30.27,-2.3343
2020-3-19 12:20:45,30.76,-2.3291
2020-3-19 12:30:45,30.92,-2.3243
2020-3-19 12:40:46,30.63,-2.3246
2020-3-19 12:50:46,31.69,-2.3193
2020-3-19 13:00:47,32.96,-2.3155
2020-3-19 13:10:47,34.2,-2.3071
2020-3-19 13:20:48,34.91,-2.305
2020-3-19 13:30:49,35.68,-2.2963
2020-3-19 13:40:49,35.79,-2.295
2020-3-19 13:50:50,35.98,-2.2912
2020-3-19 14:00:50,36.29,-2.2863
2020-3-19 14:10:51,33.54,-2.2909
2020-3-19 14:20:51,30.85,-2.2973
2020-3-19 14:30:52,29.47,-2.3011
2020-3-19 14:40:52,27.77,-2.3061
2020-3-19 14:50:53,26.78,-2.3097
2020-3-19 15:00:53,25.81,-2.3124
2020-3-19 15:10:54,25.07,-2.3144
2020-3-19 15:20:54,24.62,-2.3169
2020-3-19 15:30:55,23.99,-2.3204
2020-3-19 15:40:55,23.67,-2.3201
2020-3-19 15:50:56,23.21,-2.3212
2020-3-19 16:00:56,22.96,-2.3221
2020-3-19 16:10:57,22.8,-2.3222
2020-3-19 16:20:57,22.43,-2.3237
2020-3-19 16:30:58,22.13,-2.3246
2020-3-19 16:40:58,21.91,-2.3263
2020-3-19 16:50:59,21.75,-2.3274
2020-3-19 17:00:59,21.61,-2.328
2020-3-19 17:11:00,21.52,-2.331
2020-3-19 17:21:00,21.43,-2.3287
2020-3-19 17:31:01,21.25,-2.3322
2020-3-19 17:41:01,21.08,-2.3327
2020-3-19 17:51:02,20.9,-2.3318
2020-3-19 18:01:02,20.67,-2.3326
2020-3-19 18:11:03,20.49,-2.3329
2020-3-19 18:21:03,20.26,-2.3342
2020-3-19 18:31:04,20.04,-2.3357
2020-3-19 18:41:04,19.74,-2.3364
2020-3-19 18:51:05,19.47,-2.3379
2020-3-19 19:01:05,19.19,-2.3392
2020-3-19 19:11:06,18.94,-2.3403
2020-3-19 19:21:07,18.69,-2.3437
2020-3-19 19:31:07,18.4,-2.3432
2020-3-19 19:41:08,18.09,-2.3441
2020-3-19 19:51:08,17.74,-2.3458
2020-3-19 20:01:09,17.36,-2.3472
2020-3-19 20:11:09,16.91,-2.3497
2020-3-19 20:21:10,16.53,-2.3514
2020-3-19 20:31:10,16.22,-2.353
2020-3-19 20:41:11,15.95,-2.3563
2020-3-19 20:51:11,15.66,-2.358
2020-3-19 21:01:12,15.47,-2.357
2020-3-19 21:11:12,15.26,-2.3596
2020-3-19 21:21:13,15.06,-2.3588
2020-3-19 21:31:13,14.88,-2.3597
2020-3-19 21:41:14,14.69,-2.3609
2020-3-19 21:51:14,14.61,-2.3606
2020-3-19 22:01:15,14.52,-2.3626
2020-3-19 22:11:15,14.38,-2.3625
2020-3-19 22:21:16,14.2,-2.3638
2020-3-19 22:31:16,14.05,-2.3645
2020-3-19 22:41:17,13.91,-2.368
2020-3-19 22:51:17,13.74,-2.3693
2020-3-19 23:01:18,13.54,-2.3695
2020-3-19 23:11:18,13.37,-2.371
2020-3-19 23:21:19,13.39,-2.3715
2020-3-19 23:31:19,13.3,-2.37
2020-3-19 23:41:20,13.17,-2.3727
2020-3-19 23:51:20,13.08,-2.3714
2020-3-20 0:01:21,12.95,-2.3741
2020-3-20 0:11:21,12.93,-2.3728
2020-3-20 0:21:22,13.02,-2.3748
2020-3-20 0:31:22,13.1,-2.3731
2020-3-20 0:41:23,13.23,-2.3727
2020-3-20 0:51:23,13.26,-2.3759
2020-3-20 1:01:24,13.29,-2.3765
2020-3-20 1:11:25,13.32,-2.3765
2020-3-20 1:21:25,13.29,-2.3737
2020-3-20 1:31:26,13.26,-2.3764
2020-3-20 1:41:26,13.27,-2.3771
2020-3-20 1:51:27,13.25,-2.3751
2020-3-20 2:01:27,13.17,-2.3756
2020-3-20 2:11:28,13.09,-2.3783
2020-3-20 2:21:28,12.96,-2.376
2020-3-20 2:31:29,12.87,-2.377
2020-3-20 2:41:29,12.81,-2.3799
2020-3-20 2:51:30,12.76,-2.378
2020-3-20 3:01:30,12.7,-2.3808
2020-3-20 3:11:31,12.67,-2.3811
2020-3-20 3:21:31,12.64,-2.3815
2020-3-20 3:31:32,12.61,-2.379
2020-3-20 3:41:32,12.55,-2.3803
2020-3-20 3:51:33,12.52,-2.3804
2020-3-20 4:01:33,12.53,-2.3809
2020-3-20 4:11:34,12.54,-2.3811
2020-3-20 4:21:34,12.6,-2.3813
2020-3-20 4:31:35,12.67,-2.3811
2020-3-20 4:41:35,12.69,-2.3811
2020-3-20 4:51:36,12.7,-2.3815
2020-3-20 5:01:36,12.71,-2.3818
2020-3-20 5:11:37,12.73,-2.3827
2020-3-20 5:21:37,12.67,-2.3825
2020-3-20 5:31:38,12.54,-2.3823
2020-3-20 5:41:38,12.42,-2.383
2020-3-20 5:51:39,12.35,-2.3838
2020-3-20 6:01:39,12.3,-2.3843
2020-3-20 6:11:40,12.31,-2.3843
2020-3-20 6:21:40,12.29,-2.3844
2020-3-20 6:31:41,12.26,-2.3855
2020-3-20 6:41:42,12.24,-2.3854
2020-3-20 6:51:42,12.22,-2.3856
2020-3-20 7:01:43,12.18,-2.3858
2020-3-20 7:11:43,12.12,-2.3861
2020-3-20 7:21:44,12.06,-2.3871
2020-3-20 7:31:44,12.04,-2.3871
2020-3-20 7:41:45,12.06,-2.3875
2020-3-20 7:51:45,12.11,-2.3877
2020-3-20 8:01:46,12.22,-2.3881
2020-3-20 8:11:46,12.38,-2.3874
2020-3-20 8:21:47,12.55,-2.3872
2020-3-20 8:31:47,12.78,-2.3869
2020-3-20 8:41:48,13.06,-2.3859
2020-3-20 8:51:48,13.29,-2.3871
2020-3-20 9:01:49,13.69,-2.3866
2020-3-20 9:11:49,14.07,-2.3849
2020-3-20 9:21:50,14.37,-2.3822
2020-3-20 9:31:50,14.6,-2.3808
2020-3-20 9:41:51,14.84,-2.38
2020-3-20 9:51:51,15.04,-2.3796
2020-3-20 10:01:52,15.41,-2.3781
2020-3-20 10:11:52,15.87,-2.3766
2020-3-20 10:21:53,16.65,-2.375
2020-3-20 10:31:53,17.58,-2.3709
2020-3-20 10:41:54,18.14,-2.3714
2020-3-20 10:51:55,18.79,-2.3658
2020-3-20 11:01:55,19.35,-2.3636
2020-3-20 11:11:56,21.07,-2.3616
2020-3-20 11:21:56,22.93,-2.3538
2020-3-20 11:31:57,24.44,-2.3484
2020-3-20 11:41:57,25.69,-2.343
2020-3-20 11:51:58,27.06,-2.3386
2020-3-20 12:01:58,28.0,-2.3323
2020-3-20 12:11:59,28.14,-2.3308
2020-3-20 12:21:59,28.27,-2.3283
2020-3-20 12:32:00,28.14,-2.326
2020-3-20 12:42:00,27.89,-2.3255
2020-3-20 12:52:01,28.32,-2.3242
2020-3-20 13:02:01,29.42,-2.3201
2020-3-20 13:12:02,29.96,-2.3193
2020-3-20 13:22:02,30.94,-2.3137
2020-3-20 13:32:03,31.01,-2.312
2020-3-20 13:42:03,30.68,-2.3113
2020-3-20 13:52:04,30.94,-2.3097
2020-3-20 14:02:04,31.03,-2.3061
2020-3-20 14:12:05,29.08,-2.3111
2020-3-20 14:22:05,27.19,-2.3137
2020-3-20 14:32:06,25.86,-2.319
2020-3-20 14:42:06,24.73,-2.3212
2020-3-20 14:52:07,23.52,-2.3249
2020-3-20 15:02:07,22.63,-2.3286
2020-3-20 15:12:08,21.81,-2.3319
2020-3-20 15:22:08,21.27,-2.3342
2020-3-20 15:32:09,20.67,-2.3371
2020-3-20 15:42:09,20.15,-2.3388
2020-3-20 15:52:10,19.62,-2.3411
2020-3-20 16:02:10,19.14,-2.3456
2020-3-20 16:12:11,18.77,-2.3451
2020-3-20 16:22:11,18.43,-2.3469
2020-3-20 16:32:12,17.93,-2.348
2020-3-20 16:42:12,17.54,-2.3505
2020-3-20 16:52:13,17.05,-2.3549
2020-3-20 17:02:13,16.63,-2.3565
2020-3-20 17:12:14,16.16,-2.3559
2020-3-20 17:22:14,15.66,-2.3577
2020-3-20 17:32:15,15.21,-2.3599
2020-3-20 17:42:15,14.81,-2.3614
2020-3-20 17:52:16,14.47,-2.3628
2020-3-20 18:02:16,14.17,-2.3666
2020-3-20 18:12:17,13.82,-2.3685
2020-3-20 18:22:18,13.46,-2.3678
2020-3-20 18:32:18,13.13,-2.3698
2020-3-20 18:42:19,12.82,-2.3711
2020-3-20 18:52:19,12.6,-2.3722
2020-3-20 19:02:20,12.42,-2.3768
2020-3-20 19:12:20,12.25,-2.3751
2020-3-20 19:22:21,12.02,-2.3786
2020-3-20 19:32:21,11.81,-2.3806
2020-3-20 19:42:22,11.63,-2.3811
2020-3-20 19:52:22,11.51,-2.3795
2020-3-20 20:02:23,11.4,-2.3832
2020-3-20 20:12:23,11.29,-2.3814
2020-3-20 20:22:24,11.18,-2.3824
2020-3-20 20:32:24,11.09,-2.3833
2020-3-20 20:42:25,11.02,-2.3844
2020-3-20 20:52:25,10.92,-2.385
2020-3-20 21:02:26,10.87,-2.3878
2020-3-20 21:12:26,10.77,-2.3856
2020-3-20 21:22:27,10.72,-2.3867
2020-3-20 21:32:27,10.6,-2.3873
2020-3-20 21:42:28,10.46,-2.3881
2020-3-20 21:52:28,10.35,-2.3887
2020-3-20 22:02:29,10.21,-2.392
2020-3-20 22:12:29,10.13,-2.3907
2020-3-20 22:22:30,10.08,-2.3919
2020-3-20 22:32:30,10.06,-2.3943
2020-3-20 22:42:31,10.02,-2.3924
2020-3-20 22:52:31,9.97,-2.3946
2020-3-20 23:02:32,9.9,-2.3937
2020-3-20 23:12:32,9.87,-2.3959
2020-3-20 23:22:33,9.82,-2.3942
2020-3-20 23:32:34,9.74,-2.3949
2020-3-20 23:42:34,9.69,-2.3952
2020-3-20 23:52:35,9.61,-2.396
2020-3-21 0:02:35,9.54,-2.3981
2020-3-21 0:12:36,9.46,-2.3969
2020-3-21 0:22:36,9.38,-2.3992
2020-3-21 0:32:37,9.32,-2.3975
2020-3-21 0:42:37,9.26,-2.3997
2020-3-21 0:52:38,9.2,-2.3988
2020-3-21 1:02:38,9.13,-2.4006
2020-3-21 1:12:39,9.06,-2.3994
2020-3-21 1:22:39,8.98,-2.3998
2020-3-21 1:32:40,8.89,-2.3997
2020-3-21 1:42:40,8.81,-2.4011
2020-3-21 1:52:41,8.74,-2.4034
2020-3-21 2:02:41,8.67,-2.402
2020-3-21 2:12:42,8.6,-2.4029
2020-3-21 2:22:42,8.55,-2.405
2020-3-21 2:32:43,8.51,-2.4033
2020-3-21 2:42:43,8.47,-2.4031
2020-3-21 2:52:44,8.38,-2.4044
2020-3-21 3:02:44,8.26,-2.4053
2020-3-21 3:12:45,8.12,-2.4056
2020-3-21 3:22:45,8.0,-2.4062
2020-3-21 3:32:46,7.86,-2.4068
2020-3-21 3:42:46,7.77,-2.4077
2020-3-21 3:52:47,7.75,-2.4082
2020-3-21 4:02:48,7.7,-2.4087
2020-3-21 4:12:48,7.68,-2.4087
2020-3-21 4:22:49,7.67,-2.4095
2020-3-21 4:32:49,7.7,-2.4098
2020-3-21 4:42:50,7.73,-2.4104
2020-3-21 4:52:50,7.76,-2.4104
2020-3-21 5:02:51,7.79,-2.4107
2020-3-21 5:12:51,7.81,-2.4109
2020-3-21 5:22:52,7.82,-2.4134
2020-3-21 5:32:52,7.83,-2.4106
2020-3-21 5:42:53,7.81,-2.4113
2020-3-21 5:52:53,7.79,-2.4104
2020-3-21 6:02:54,7.77,-2.4114
2020-3-21 6:12:54,7.77,-2.4111
2020-3-21 6:22:55,7.76,-2.4122
2020-3-21 6:32:55,7.73,-2.4125
2020-3-21 6:42:56,7.7,-2.415
2020-3-21 6:52:56,7.67,-2.4137
2020-3-21 7:02:57,7.64,-2.413
2020-3-21 7:12:57,7.62,-2.4135
2020-3-21 7:22:58,7.6,-2.4161
2020-3-21 7:32:58,7.57,-2.4145
2020-3-21 7:42:59,7.56,-2.4165
2020-3-21 7:52:59,7.56,-2.4171
2020-3-21 8:03:00,7.58,-2.4147
2020-3-21 8:13:05,7.59,-2.4149
2020-3-21 8:23:01,7.63,-2.4168
2020-3-21 8:33:01,7.65,-2.4169
2020-3-21 8:43:02,7.73,-2.4172
2020-3-21 8:53:03,7.77,-2.4151
2020-3-21 9:03:03,7.83,-2.4147
2020-3-21 9:13:04,7.89,-2.4172
2020-3-21 9:23:04,7.97,-2.415
2020-3-21 9:33:05,7.97,-2.4144
2020-3-21 9:43:05,7.95,-2.4144
2020-3-21 9:53:12,8.05,-2.4151
2020-3-21 10:03:06,8.1,-2.4151
2020-3-21 10:13:07,8.12,-2.4144
2020-3-21 10:23:07,8.19,-2.4142
2020-3-21 10:33:08,8.33,-2.4141
2020-3-21 10:43:08,8.4,-2.4145
2020-3-21 10:53:09,8.54,-2.4141
2020-3-21 11:03:09,8.74,-2.4133
2020-3-21 11:13:10,8.91,-2.4128
2020-3-21 11:23:10,9.09,-2.4121
2020-3-21 11:33:11,9.27,-2.4145
2020-3-21 11:43:11,9.31,-2.4115
2020-3-21 11:53:12,9.43,-2.4136
2020-3-21 12:03:12,9.6,-2.4111
2020-3-21 12:13:13,9.81,-2.4108
2020-3-21 12:23:13,9.88,-2.4123
2020-3-21 12:33:14,9.95,-2.4124
2020-3-21 12:43:14,10.0,-2.4092
2020-3-21 12:53:15,10.14,-2.409
2020-3-21 13:03:15,10.2,-2.4089
2020-3-21 13:13:16,10.23,-2.4083
2020-3-21 13:23:16,10.31,-2.4085
2020-3-21 13:33:17,10.54,-2.4071
2020-3-21 13:43:18,10.66,-2.4071
2020-3-21 13:53:18,10.76,-2.4068
2020-3-21 14:03:19,10.94,-2.4064
2020-3-21 14:13:19,11.05,-2.4059
2020-3-21 14:23:20,11.19,-2.4051
2020-3-21 14:33:20,11.16,-2.4053
2020-3-21 14:43:21,11.11,-2.4045
2020-3-21 14:53:21,11.0,-2.4047
2020-3-21 15:03:22,10.9,-2.4056
2020-3-21 15:13:22,10.73,-2.4058
2020-3-21 15:23:23,10.64,-2.4059
2020-3-21 15:33:23,10.5,-2.4065
2020-3-21 15:43:24,10.51,-2.4063
2020-3-21 15:53:24,10.5,-2.4075
2020-3-21 16:03:25,10.33,-2.4076
2020-3-21 16:13:25,10.25,-2.4079
2020-3-21 16:23:26,10.09,-2.4081
2020-3-21 16:33:26,9.96,-2.4089
2020-3-21 16:43:27,9.86,-2.4114
2020-3-21 16:53:27,9.74,-2.4095
2020-3-21 17:03:28,9.67,-2.4125
2020-3-21 17:13:28,9.55,-2.4132
2020-3-21 17:23:29,9.45,-2.4136
2020-3-21 17:33:29,9.38,-2.4113
2020-3-21 17:43:30,9.35,-2.414
2020-3-21 17:53:30,9.3,-2.4126
2020-3-21 18:03:31,9.24,-2.4126
2020-3-21 18:13:31,9.18,-2.4127
2020-3-21 18:23:32,9.13,-2.4128
2020-3-21 18:33:32,9.07,-2.4134
2020-3-21 18:43:33,9.02,-2.4164
2020-3-21 18:53:34,8.97,-2.4157
2020-3-21 19:03:34,8.91,-2.4142
2020-3-21 19:13:35,8.84,-2.4151
2020-3-21 19:23:35,8.8,-2.415
2020-3-21 19:33:36,8.75,-2.4153
2020-3-21 19:43:36,8.71,-2.4176
2020-3-21 19:53:37,8.68,-2.4161
2020-3-21 20:03:37,8.66,-2.4157
2020-3-21 20:13:38,8.63,-2.4161
2020-3-21 20:23:38,8.62,-2.4159
2020-3-21 20:33:39,8.6,-2.4156
2020-3-21 20:43:39,8.6,-2.4166
2020-3-21 20:53:40,8.6,-2.4162
2020-3-21 21:03:40,8.6,-2.4163
2020-3-21 21:13:41,8.59,-2.4161
2020-3-21 21:23:41,8.58,-2.4168
2020-3-21 21:33:42,8.58,-2.4169
2020-3-21 21:43:42,8.57,-2.4168
2020-3-21 21:53:43,8.56,-2.4171
2020-3-21 22:03:43,8.55,-2.4172
2020-3-21 22:13:44,8.54,-2.4175
2020-3-21 22:23:44,8.53,-2.4173
2020-3-21 22:33:45,8.52,-2.4175
2020-3-21 22:43:45,8.51,-2.4173
2020-3-21 22:53:46,8.49,-2.4177
2020-3-21 23:03:46,8.48,-2.4176
2020-3-21 23:13:47,8.45,-2.4183
2020-3-21 23:23:47,8.43,-2.4185
2020-3-21 23:33:48,8.39,-2.4185
2020-3-21 23:43:49,8.35,-2.419
2020-3-21 23:53:49,8.32,-2.4189
2020-3-22 0:03:50,8.28,-2.4195
2020-3-22 0:13:50,8.25,-2.4195
2020-3-22 0:23:51,8.2,-2.4195
2020-3-22 0:33:51,8.15,-2.4196
2020-3-22 0:43:52,8.11,-2.4198
2020-3-22 0:53:52,8.06,-2.4208
2020-3-22 1:03:53,8.01,-2.4212
2020-3-22 1:13:53,7.98,-2.4209
2020-3-22 1:23:54,7.93,-2.4209
2020-3-22 1:33:54,7.88,-2.4213
2020-3-22 1:43:55,7.82,-2.4219
2020-3-22 1:53:55,7.76,-2.4246
2020-3-22 2:03:56,7.69,-2.422
2020-3-22 2:13:56,7.63,-2.4237
2020-3-22 2:23:57,7.56,-2.4237
2020-3-22 2:33:57,7.5,-2.426
2020-3-22 2:43:58,7.43,-2.424
2020-3-22 2:53:58,7.36,-2.4241
2020-3-22 3:03:59,7.3,-2.4272
2020-3-22 3:13:59,7.24,-2.4251
2020-3-22 3:24:00,7.19,-2.428
2020-3-22 3:34:00,7.15,-2.425
2020-3-22 3:44:01,7.11,-2.4281
2020-3-22 3:54:01,7.08,-2.4283
2020-3-22 4:04:02,7.05,-2.4263
2020-3-22 4:14:03,7.01,-2.4288
2020-3-22 4:24:03,6.99,-2.4274
2020-3-22 4:34:04,6.95,-2.4295
2020-3-22 4:44:04,6.91,-2.4297
2020-3-22 4:54:05,6.88,-2.4276
2020-3-22 5:04:05,6.84,-2.4283
2020-3-22 5:14:06,6.81,-2.4304
2020-3-22 5:24:06,6.78,-2.4307
2020-3-22 5:34:07,6.73,-2.431
2020-3-22 5:44:07,6.7,-2.4307
2020-3-22 5:54:08,6.66,-2.4314
2020-3-22 6:04:08,6.62,-2.429
2020-3-22 6:14:09,6.59,-2.4289
2020-3-22 6:24:09,6.56,-2.4323
2020-3-22 6:34:10,6.53,-2.432
2020-3-22 6:44:10,6.5,-2.4302
2020-3-22 6:54:11,6.46,-2.4328
2020-3-22 7:04:11,6.43,-2.4311
2020-3-22 7:14:12,6.41,-2.4312
2020-3-22 7:24:12,6.4,-2.431
2020-3-22 7:34:13,6.38,-2.4309
2020-3-22 7:44:13,6.37,-2.4316
2020-3-22 7:54:14,6.36,-2.4338
2020-3-22 8:04:14,6.39,-2.4312
2020-3-22 8:14:15,6.42,-2.4314
2020-3-22 8:24:15,6.46,-2.4314
2020-3-22 8:34:16,6.53,-2.4312
2020-3-22 8:44:16,6.59,-2.4304
2020-3-22 8:54:17,6.73,-2.4308
2020-3-22 9:04:18,6.85,-2.4332
2020-3-22 9:14:18,7.08,-2.4302
2020-3-22 9:24:19,7.31,-2.4299
2020-3-22 9:34:19,7.53,-2.4285
2020-3-22 9:44:20,7.82,-2.4278
2020-3-22 9:54:20,7.95,-2.4267
2020-3-22 10:04:21,8.24,-2.4256
2020-3-22 10:14:21,8.53,-2.4252
2020-3-22 10:24:22,8.6,-2.4241
2020-3-22 10:34:22,8.64,-2.4241
2020-3-22 10:44:23,8.74,-2.4229
2020-3-22 10:54:23,8.92,-2.4224
2020-3-22 11:04:24,9.25,-2.4216
2020-3-22 11:14:24,9.7,-2.4209
2020-3-22 11:24:25,10.02,-2.4193
2020-3-22 11:34:25,10.47,-2.418
2020-3-22 11:44:26,10.92,-2.4162
2020-3-22 11:54:26,12.61,-2.4117
2020-3-22 12:04:27,13.82,-2.4072
2020-3-22 12:14:27,14.2,-2.4034
2020-3-22 12:24:28,14.76,-2.4
2020-3-22 12:34:28,13.94,-2.4013
2020-3-22 12:44:29,13.59,-2.4024
2020-3-22 12:54:29,13.88,-2.4014
2020-3-22 13:04:30,13.56,-2.4017
2020-3-22 13:14:30,13.26,-2.4029
2020-3-22 13:24:31,12.88,-2.4038
2020-3-22 13:34:31,12.73,-2.404
2020-3-22 13:44:32,12.56,-2.405
2020-3-22 13:54:32,12.13,-2.4062
2020-3-22 14:04:33,11.8,-2.4075
2020-3-22 14:14:34,11.82,-2.41
2020-3-22 14:24:34,12.02,-2.4071
2020-3-22 14:34:35,12.14,-2.409
2020-3-22 14:44:35,12.14,-2.4066
2020-3-22 14:54:36,12.32,-2.4059
2020-3-22 15:04:42,12.55,-2.4051
2020-3-22 15:14:37,12.76,-2.4046
2020-3-22 15:24:37,12.73,-2.4045
2020-3-22 15:34:38,12.62,-2.4047
2020-3-22 15:44:38,12.56,-2.4047
2020-3-22 15:54:39,12.63,-2.4042
2020-3-22 16:04:39,12.78,-2.4038
2020-3-22 16:14:40,12.74,-2.4035
2020-3-22 16:24:40,12.67,-2.4039
2020-3-22 16:34:41,12.58,-2.404
2020-3-22 16:44:41,12.27,-2.4051
2020-3-22 16:54:42,12.05,-2.4054
2020-3-22 17:04:42,11.93,-2.4058
2020-3-22 17:14:43,11.86,-2.4062
2020-3-22 17:24:43,11.77,-2.4069
2020-3-22 17:34:44,11.69,-2.4095
2020-3-22 17:44:44,11.59,-2.4095
2020-3-22 17:54:45,11.47,-2.4074
2020-3-22 18:04:45,11.39,-2.4105
2020-3-22 18:14:46,11.32,-2.4108
2020-3-22 18:24:46,11.26,-2.4079
2020-3-22 18:34:47,11.17,-2.4089
2020-3-22 18:44:47,11.06,-2.4121
2020-3-22 18:54:48,10.91,-2.4124
2020-3-22 19:04:49,10.8,-2.4122
2020-3-22 19:14:49,10.66,-2.4103
2020-3-22 19:24:50,10.52,-2.414
2020-3-22 19:34:50,10.39,-2.4112
2020-3-22 19:44:51,10.25,-2.4119
2020-3-22 19:54:51,10.15,-2.4126
2020-3-22 20:04:52,10.02,-2.4126
2020-3-22 20:14:52,9.91,-2.4138
2020-3-22 20:24:53,9.82,-2.4136
2020-3-22 20:34:53,9.71,-2.4147
2020-3-22 20:44:54,9.59,-2.4153
2020-3-22 20:54:54,9.44,-2.4156
2020-3-22 21:04:55,9.34,-2.4159
2020-3-22 21:14:55,9.23,-2.419
2020-3-22 21:24:56,9.13,-2.4192
2020-3-22 21:34:56,9.02,-2.417
2020-3-22 21:44:57,8.88,-2.4203
2020-3-22 21:54:57,8.76,-2.4187
2020-3-22 22:04:58,8.61,-2.419
2020-3-22 22:14:58,8.46,-2.4195
2020-3-22 22:24:59,8.27,-2.4231
2020-3-22 22:34:59,8.11,-2.4209
2020-3-22 22:45:00,7.95,-2.422
2020-3-22 22:55:00,7.8,-2.4227
2020-3-22 23:05:01,7.63,-2.423
2020-3-22 23:15:01,7.48,-2.4239
2020-3-22 23:25:02,7.3,-2.4247
2020-3-22 23:35:02,7.11,-2.4254
2020-3-22 23:45:03,6.94,-2.4259
2020-3-22 23:55:03,6.79,-2.4297
2020-3-23 0:05:04,6.61,-2.4281
2020-3-23 0:15:05,6.42,-2.4316
2020-3-23 0:25:05,6.23,-2.4293
2020-3-23 0:35:06,6.08,-2.4306
2020-3-23 0:45:06,5.91,-2.4312
2020-3-23 0:55:07,5.77,-2.4322
2020-3-23 1:05:07,5.6,-2.4325
2020-3-23 1:15:08,5.44,-2.4335
2020-3-23 1:25:08,5.29,-2.4343
2020-3-23 1:35:09,5.14,-2.4349
2020-3-23 1:45:09,4.99,-2.4354
2020-3-23 1:55:10,4.83,-2.4383
2020-3-23 2:05:10,4.72,-2.4364
2020-3-23 2:15:11,4.6,-2.437
2020-3-23 2:25:11,4.47,-2.4392
2020-3-23 2:35:12,4.35,-2.438
2020-3-23 2:45:12,4.23,-2.4409
2020-3-23 2:55:13,4.12,-2.4393
2020-3-23 3:05:13,4.03,-2.4422
2020-3-23 3:15:14,3.93,-2.4426
2020-3-23 3:25:14,3.82,-2.4435
2020-3-23 3:35:15,3.72,-2.4442
2020-3-23 3:45:15,3.63,-2.4447
2020-3-23 3:55:16,3.53,-2.4446
2020-3-23 4:05:16,3.44,-2.4435
2020-3-23 4:15:17,3.33,-2.4437
2020-3-23 4:25:17,3.22,-2.4445
2020-3-23 4:35:18,3.11,-2.4476
2020-3-23 4:45:19,3.01,-2.4456
2020-3-23 4:55:19,2.88,-2.4463
2020-3-23 5:05:20,2.76,-2.4468
2020-3-23 5:15:20,2.64,-2.4478
2020-3-23 5:25:21,2.53,-2.4482
2020-3-23 5:35:21,2.42,-2.4492
2020-3-23 5:45:22,2.34,-2.4497
2020-3-23 5:55:22,2.26,-2.4503
2020-3-23 6:05:23,2.18,-2.4512
2020-3-23 6:15:23,2.07,-2.4539
2020-3-23 6:25:24,1.98,-2.4542
2020-3-23 6:35:24,1.89,-2.452
2020-3-23 6:45:25,1.83,-2.4529
2020-3-23 6:55:25,1.78,-2.4555
2020-3-23 7:05:26,1.71,-2.4565
2020-3-23 7:15:26,1.65,-2.4565
2020-3-23 7:25:27,1.66,-2.4547
2020-3-23 7:35:27,1.68,-2.457
2020-3-23 7:45:28,1.75,-2.4544
2020-3-23 7:55:28,1.85,-2.4566
2020-3-23 8:05:29,1.99,-2.4565
2020-3-23 8:15:29,2.14,-2.4536
2020-3-23 8:25:30,2.33,-2.4531
2020-3-23 8:35:31,2.54,-2.4526
2020-3-23 8:45:31,2.75,-2.452
2020-3-23 8:55:32,2.99,-2.4511
2020-3-23 9:05:32,3.27,-2.4505
2020-3-23 9:15:33,3.55,-2.4496
2020-3-23 9:25:33,3.85,-2.4483
2020-3-23 9:35:34,4.13,-2.4468
2020-3-23 9:45:34,4.4,-2.4465
2020-3-23 9:55:35,4.9,-2.4452
2020-3-23 10:05:35,5.6,-2.442
2020-3-23 10:15:36,6.1,-2.4437
2020-3-23 10:25:40,6.51,-2.4413
2020-3-23 10:35:37,7.0,-2.4378
2020-3-23 10:45:37,7.67,-2.4356
2020-3-23 10:55:38,8.33,-2.4336
2020-3-23 11:05:38,9.85,-2.4293
2020-3-23 11:15:39,12.59,-2.4206
2020-3-23 11:25:39,15.09,-2.4122
2020-3-23 11:35:40,16.91,-2.4067
2020-3-23 11:45:40,18.69,-2.3985
2020-3-23 11:55:41,19.97,-2.3937
2020-3-23 12:05:41,21.43,-2.3869
2020-3-23 12:15:42,21.84,-2.3813
2020-3-23 12:25:42,21.49,-2.3799
2020-3-23 12:35:43,21.06,-2.3784
2020-3-23 12:45:43,21.2,-2.3758
2020-3-23 12:55:44,21.92,-2.3761
2020-3-23 13:05:44,24.01,-2.3682
2020-3-23 13:15:45,24.99,-2.3645
2020-3-23 13:25:45,25.46,-2.3619
2020-3-23 13:35:46,25.7,-2.3585
2020-3-23 13:45:47,26.06,-2.3571
2020-3-23 13:55:47,26.12,-2.3543
2020-3-23 14:05:48,23.52,-2.3591
2020-3-23 14:15:48,20.9,-2.3673
2020-3-23 14:25:49,18.77,-2.3709
2020-3-23 14:35:49,17.33,-2.3759
2020-3-23 14:45:50,15.99,-2.3811
2020-3-23 14:55:50,15.24,-2.3848
2020-3-23 15:05:51,14.49,-2.3882
2020-3-23 15:15:51,13.91,-2.3936
2020-3-23 15:25:52,13.61,-2.3928
2020-3-23 15:35:52,13.27,-2.3947
2020-3-23 15:45:53,13.05,-2.3958
2020-3-23 15:55:53,12.88,-2.3963
2020-3-23 16:05:54,12.72,-2.3971
2020-3-23 16:15:54,12.6,-2.3975
2020-3-23 16:25:55,12.47,-2.3982
2020-3-23 16:35:55,12.37,-2.3987
2020-3-23 16:45:56,12.25,-2.3993
2020-3-23 16:55:56,12.11,-2.3996
2020-3-23 17:05:57,11.95,-2.4005
2020-3-23 17:15:57,11.85,-2.4
2020-3-23 17:25:58,11.72,-2.4014
2020-3-23 17:35:58,11.59,-2.4019
2020-3-23 17:45:59,11.45,-2.4027
2020-3-23 17:55:59,11.31,-2.4054
2020-3-23 18:06:00,11.18,-2.404
2020-3-23 18:16:00,11.01,-2.4065
2020-3-23 18:26:01,10.86,-2.4047
2020-3-23 18:36:01,10.69,-2.4058
2020-3-23 18:46:02,10.5,-2.4065
2020-3-23 18:56:02,10.3,-2.4095
2020-3-23 19:06:03,10.09,-2.4073
2020-3-23 19:16:04,9.87,-2.409
2020-3-23 19:26:04,9.66,-2.4096
2020-3-23 19:36:05,9.44,-2.4109
2020-3-23 19:46:05,9.24,-2.4128
2020-3-23 19:56:06,9.06,-2.4124
2020-3-23 20:06:06,8.86,-2.4139
2020-3-23 20:16:07,8.7,-2.4151
2020-3-23 20:26:07,8.51,-2.4157
2020-3-23 20:36:08,8.34,-2.419
2020-3-23 20:46:08,8.17,-2.4196
2020-3-23 20:56:09,8.01,-2.4202
2020-3-23 21:06:09,7.86,-2.4186
2020-3-23 21:16:10,7.71,-2.4192
2020-3-23 21:26:10,7.53,-2.4207
2020-3-23 21:36:11,7.37,-2.4213
2020-3-23 21:46:11,7.23,-2.4223
2020-3-23 21:56:12,7.08,-2.423
2020-3-23 22:06:12,6.94,-2.4235
2020-3-23 22:16:13,6.79,-2.4244
2020-3-23 22:26:13,6.64,-2.4275
2020-3-23 22:36:14,6.49,-2.4288
2020-3-23 22:46:14,6.35,-2.427
2020-3-23 22:56:15,6.19,-2.4296
2020-3-23 23:06:15,6.05,-2.4305
2020-3-23 23:16:16,5.92,-2.4318
2020-3-23 23:26:16,5.79,-2.4293
2020-3-23 23:36:17,5.65,-2.4305
2020-3-23 23:46:17,5.42,-2.4309
2020-3-23 23:56:18,5.2,-2.4319
2020-3-24 0:06:19,4.96,-2.4336
2020-3-24 0:16:19,4.71,-2.4345
2020-3-24 0:26:20,4.53,-2.4347
2020-3-24 0:36:20,4.35,-2.4358
2020-3-24 0:46:21,4.26,-2.4381
2020-3-24 0:56:21,4.22,-2.4371
2020-3-24 1:06:22,4.11,-2.4373
2020-3-24 1:16:22,3.92,-2.4406
2020-3-24 1:26:23,3.7,-2.4386
2020-3-24 1:36:23,3.52,-2.439
2020-3-24 1:46:24,3.49,-2.4403
2020-3-24 1:56:24,3.37,-2.4405
2020-3-24 2:06:25,3.2,-2.4439
2020-3-24 2:16:25,3.09,-2.4419
2020-3-24 2:26:26,3.07,-2.4424
2020-3-24 2:36:26,3.0,-2.4434
2020-3-24 2:46:27,2.94,-2.4439
2020-3-24 2:56:27,2.87,-2.4438
2020-3-24 3:06:28,2.66,-2.4446
2020-3-24 3:16:28,2.47,-2.4452
2020-3-24 3:26:29,2.33,-2.4464
2020-3-24 3:36:29,2.33,-2.4467
2020-3-24 3:46:30,2.29,-2.4468
2020-3-24 3:56:30,2.17,-2.4509
2020-3-24 4:06:31,2.01,-2.4508
2020-3-24 4:16:32,1.86,-2.4514
2020-3-24 4:26:32,1.71,-2.4525
2020-3-24 4:36:33,1.56,-2.4527
2020-3-24 4:46:33,1.43,-2.4534
2020-3-24 4:56:34,1.27,-2.4507
2020-3-24 5:06:34,1.12,-2.4545
2020-3-24 5:16:35,0.99,-2.4553
2020-3-24 5:26:35,0.92,-2.453
2020-3-24 5:36:36,0.87,-2.4536
2020-3-24 5:46:36,0.82,-2.4538
2020-3-24 5:56:37,0.82,-2.4547
2020-3-24 6:06:37,0.85,-2.4573
2020-3-24 6:16:38,0.87,-2.4552
2020-3-24 6:26:38,0.84,-2.4555
2020-3-24 6:36:39,0.81,-2.4562
2020-3-24 6:46:39,0.79,-2.4555
2020-3-24 6:56:40,0.83,-2.4557
2020-3-24 7:06:40,0.84,-2.4559
2020-3-24 7:16:41,0.87,-2.4557
2020-3-24 7:26:41,0.92,-2.4564
2020-3-24 7:36:42,1.01,-2.4591
2020-3-24 7:46:42,1.16,-2.4558
2020-3-24 7:56:43,1.31,-2.4559
2020-3-24 8:06:44,1.53,-2.4575
2020-3-24 8:16:44,1.8,-2.4547
2020-3-24 8:26:45,2.07,-2.4564
2020-3-24 8:36:45,2.41,-2.4536
2020-3-24 8:46:46,2.71,-2.4505
2020-3-24 8:56:46,3.1,-2.4505
2020-3-24 9:06:47,3.47,-2.4496
2020-3-24 9:16:47,3.85,-2.4478
2020-3-24 9:26:48,4.23,-2.4459
2020-3-24 9:36:48,4.63,-2.4452
2020-3-24 9:46:49,4.99,-2.4439
2020-3-24 9:56:49,5.63,-2.4411
2020-3-24 10:06:50,6.24,-2.4417
2020-3-24 10:16:50,6.85,-2.4379
2020-3-24 10:26:51,7.26,-2.4361
2020-3-24 10:36:51,7.82,-2.4347
2020-3-24 10:46:52,8.53,-2.4318
2020-3-24 10:56:52,9.27,-2.43
2020-3-24 11:06:53,11.16,-2.4273
2020-3-24 11:16:53,14.36,-2.4135
2020-3-24 11:26:54,16.54,-2.4059
2020-3-24 11:36:54,19.13,-2.3984
2020-3-24 11:46:55,20.91,-2.3904
2020-3-24 11:56:55,22.18,-2.3855
2020-3-24 12:06:56,23.46,-2.3766
2020-3-24 12:16:56,23.89,-2.3713
2020-3-24 12:26:57,23.02,-2.3713
2020-3-24 12:36:57,22.85,-2.3736
2020-3-24 12:37:01,22.85,-2.3736
2020-3-24 12:46:58,23.29,-2.3669
2020-3-24 12:56:59,24.77,-2.3633
2020-3-24 13:06:59,25.33,-2.3618
2020-3-24 13:17:00,26.62,-2.3579
2020-3-24 13:27:00,27.24,-2.354
2020-3-24 13:37:01,27.72,-2.351
2020-3-24 13:47:01,27.56,-2.3486
2020-3-24 13:57:02,27.86,-2.3464
2020-3-24 14:07:02,25.25,-2.3503
2020-3-24 14:17:03,22.57,-2.3583
2020-3-24 14:27:03,20.97,-2.3637
2020-3-24 14:37:04,19.5,-2.3659
2020-3-24 14:57:05,17.38,-2.3744
2020-3-24 15:07:05,16.51,-2.3779
2020-3-24 15:17:06,15.86,-2.3833
2020-3-24 15:27:06,15.4,-2.3854
2020-3-24 15:37:07,15.07,-2.385
2020-3-24 15:47:07,14.79,-2.3864
2020-3-24 15:57:08,14.51,-2.3873
2020-3-24 16:07:08,14.29,-2.3909
2020-3-24 16:17:09,14.1,-2.3902
2020-3-24 16:27:09,13.96,-2.3903
2020-3-24 16:37:10,13.86,-2.3913
2020-3-24 16:47:10,13.77,-2.3941
2020-3-24 16:57:11,13.66,-2.3923
2020-3-24 17:07:11,13.52,-2.3945
2020-3-24 17:17:12,13.35,-2.3938
2020-3-24 17:27:12,13.2,-2.3944
2020-3-24 17:37:13,13.05,-2.3949
2020-3-24 17:47:13,12.89,-2.3961
2020-3-24 17:57:14,12.71,-2.3966
2020-3-24 18:07:15,12.5,-2.3969
2020-3-24 18:17:15,12.3,-2.398
2020-3-24 18:27:16,11.9,-2.398
2020-3-24 18:37:16,11.53,-2.4
2020-3-24 18:47:17,11.33,-2.4006
2020-3-24 18:57:17,11.11,-2.4041
2020-3-24 19:07:18,10.89,-2.4059
2020-3-24 19:17:18,10.65,-2.4063
2020-3-24 19:27:19,10.41,-2.4052
2020-3-24 19:37:24,10.19,-2.406
2020-3-24 19:47:20,9.96,-2.4072
2020-3-24 19:47:25,9.96,-2.4072
2020-3-24 19:57:21,9.74,-2.4081
2020-3-24 20:07:21,9.54,-2.4092
2020-3-24 20:17:21,9.33,-2.4128
2020-3-24 20:27:22,9.14,-2.4135
2020-3-24 20:37:22,8.93,-2.4155
2020-3-24 20:47:23,8.72,-2.4157
2020-3-24 20:57:23,8.5,-2.4167
2020-3-24 21:07:24,8.34,-2.4177
2020-3-24 21:17:24,8.19,-2.416
2020-3-24 21:27:25,8.07,-2.4171
2020-3-24 21:37:25,7.91,-2.4171
2020-3-24 21:47:26,7.75,-2.4187
2020-3-24 21:57:26,7.62,-2.4192
2020-3-24 22:07:27,7.5,-2.4204
2020-3-24 22:17:27,7.39,-2.4206
2020-3-24 22:27:28,7.26,-2.422
2020-3-24 22:37:28,7.14,-2.4221
2020-3-24 22:47:29,7.03,-2.4222
2020-3-24 22:57:29,6.91,-2.4238
2020-3-24 23:07:30,6.78,-2.4244
2020-3-24 23:17:30,6.64,-2.4258
2020-3-24 23:27:31,6.51,-2.4263
2020-3-24 23:37:32,6.38,-2.4269
2020-3-24 23:47:32,6.23,-2.4272
2020-3-24 23:57:33,6.11,-2.4277
2020-3-25 0:07:33,5.98,-2.4309
2020-3-25 0:17:34,5.88,-2.4318
2020-3-25 0:27:34,5.74,-2.4318
2020-3-25 0:37:35,5.62,-2.4305
2020-3-25 0:47:35,5.5,-2.4307
2020-3-25 0:57:36,5.38,-2.4319
2020-3-25 1:07:36,5.26,-2.4347
2020-3-25 1:17:37,5.14,-2.4331
2020-3-25 1:27:37,5.01,-2.4335
2020-3-25 1:37:38,4.9,-2.436
2020-3-25 1:47:38,4.77,-2.4352
2020-3-25 1:57:39,4.65,-2.4357
2020-3-25 2:07:39,4.54,-2.4379
2020-3-25 2:17:40,4.37,-2.4365
2020-3-25 2:27:40,4.18,-2.4394
2020-3-25 2:37:41,4.09,-2.4403
2020-3-25 2:47:41,3.98,-2.4407
2020-3-25 2:57:42,3.86,-2.4384
2020-3-25 3:07:42,3.7,-2.4401
2020-3-25 3:17:43,3.52,-2.4425
2020-3-25 3:27:43,3.3,-2.4411
2020-3-25 3:37:44,3.11,-2.4424
2020-3-25 3:47:45,2.94,-2.4428
2020-3-25 3:57:45,2.82,-2.4441
2020-3-25 4:07:46,2.71,-2.4447
2020-3-25 4:17:46,2.69,-2.4444
2020-3-25 4:27:47,2.51,-2.4452
2020-3-25 4:37:47,2.4,-2.4459
2020-3-25 4:47:48,2.32,-2.4465
2020-3-25 4:57:48,2.22,-2.4488
2020-3-25 5:07:49,2.21,-2.4473
2020-3-25 5:17:49,2.07,-2.4499
2020-3-25 5:27:50,2.02,-2.4485
2020-3-25 5:37:50,1.94,-2.449
2020-3-25 5:47:51,1.82,-2.4522
2020-3-25 5:57:51,1.74,-2.4501
2020-3-25 6:07:52,1.57,-2.4509
2020-3-25 6:17:52,1.42,-2.4539
2020-3-25 6:27:53,1.29,-2.4549
2020-3-25 6:37:53,1.21,-2.4554
2020-3-25 6:47:54,1.19,-2.4563
2020-3-25 6:57:54,1.22,-2.453
2020-3-25 7:07:55,1.19,-2.454
2020-3-25 7:17:55,1.18,-2.4539
2020-3-25 7:27:56,1.33,-2.4533
2020-3-25 7:37:57,1.54,-2.4561
2020-3-25 7:47:57,1.78,-2.4564
2020-3-25 7:57:58,2.04,-2.4526
2020-3-25 8:07:58,2.38,-2.4515
2020-3-25 8:17:59,2.74,-2.4507
2020-3-25 8:27:59,3.11,-2.4494
2020-3-25 8:38:00,3.44,-2.4482
2020-3-25 8:48:00,3.73,-2.4495
2020-3-25 8:58:01,4.13,-2.4479
2020-3-25 9:08:01,4.5,-2.4474
2020-3-25 9:18:02,4.85,-2.4441
2020-3-25 9:28:02,5.26,-2.4425
2020-3-25 9:38:03,5.64,-2.4431
2020-3-25 9:48:03,6.0,-2.4399
2020-3-25 9:58:04,6.66,-2.4373
2020-3-25 10:08:04,7.27,-2.4359
2020-3-25 10:18:05,7.81,-2.4343
2020-3-25 10:28:05,8.34,-2.4323
2020-3-25 10:38:06,8.9,-2.4302
2020-3-25 10:48:06,9.71,-2.4302
2020-3-25 10:58:07,10.91,-2.4243
2020-3-25 11:08:07,12.85,-2.4177
2020-3-25 11:18:08,15.92,-2.4066
2020-3-25 11:28:08,18.55,-2.3977
2020-3-25 11:38:09,20.72,-2.3925
2020-3-25 11:48:09,22.39,-2.3843
2020-3-25 11:58:10,24.51,-2.373
2020-3-25 12:08:10,25.81,-2.366
2020-3-25 12:18:11,26.09,-2.3626
2020-3-25 12:28:12,25.86,-2.3617
2020-3-25 12:38:12,25.56,-2.3598
2020-3-25 12:48:13,25.92,-2.3589
2020-3-25 12:58:13,26.54,-2.3546
2020-3-25 13:08:14,27.93,-2.3532
2020-3-25 13:18:14,28.8,-2.3446
2020-3-25 13:28:15,29.57,-2.3422
2020-3-25 13:38:15,30.01,-2.34
2020-3-25 13:48:16,30.6,-2.3358
2020-3-25 13:58:16,30.7,-2.3322
2020-3-25 14:08:17,27.3,-2.3392
2020-3-25 14:18:17,24.34,-2.3459
2020-3-25 14:28:18,21.78,-2.3534
2020-3-25 14:38:18,20.07,-2.3598
2020-3-25 14:48:19,18.63,-2.3647
2020-3-25 14:58:19,17.39,-2.3699
2020-3-25 15:08:20,16.56,-2.373
2020-3-25 15:18:20,15.82,-2.3766
2020-3-25 15:28:21,15.26,-2.3794
2020-3-25 15:38:21,14.71,-2.3826
2020-3-25 15:48:22,14.35,-2.3868
2020-3-25 15:58:22,14.01,-2.3884
2020-3-25 16:08:23,13.8,-2.3869
2020-3-25 16:18:23,13.56,-2.3911
2020-3-25 16:28:24,13.33,-2.3895
2020-3-25 16:38:24,13.13,-2.3908
2020-3-25 16:48:25,12.96,-2.3919
2020-3-25 16:58:25,12.84,-2.3927
2020-3-25 17:08:26,12.68,-2.3935
2020-3-25 17:18:26,12.56,-2.3965
2020-3-25 17:28:27,12.42,-2.3952
2020-3-25 17:38:27,12.26,-2.396
2020-3-25 17:48:28,12.12,-2.3983
2020-3-25 17:58:28,11.97,-2.397
2020-3-25 18:08:29,11.78,-2.3992
